whoami ,normal
pwd ,normal
ls ,normal
dir ,normal
vi ,normal
source ,normal
source ,normal
exit ,normal
whereis ,normal
mkdir ,normal
vi ,normal
vi ,normal
ls ,normal
source ,normal
elm ,normal
log ,normal
elm ,normal
man ,normal
fg ,normal
finger | more ,normal
finger ,normal
fg ,normal
elm ,normal
logout ,normal
elm ,normal
cd ,normal
ls ,normal
vi ,normal
fg ,normal
exit ,normal
elm ,normal
logout ,normal
elm ,normal
exit ,normal
elm ,normal
log ,normal
cd ,normal
cd ,normal
ls ,normal
vi ,normal
vi ,normal
exit ,normal
elm ,normal
exit ,normal
lwinfo ,normal
lwinfo ,normal
lwinfo ,normal
lwinfo ,normal
lwinfo ,normal
lwinfo ,normal
exit ,normal
elm ,normal
elm ,normal
exit ,normal
elm ,normal
cd ,normal
ls ,normal
vi ,normal
fg ,normal
vi ,normal
fg ,normal
cd ,normal
elm ,normal
finger ,normal
finger | more ,normal
fg ,normal
finger ,normal
finger | more ,normal
finger | more ,normal
fg ,normal
finger | more ,normal
fg ,normal
ls ,normal
more ,normal
exit ,normal
elm ,normal
finger ,normal
fg ,normal
finger ,normal
fg ,normal
finger ,normal
fg ,normal
finger ,normal
finger ,normal
finger | more ,normal
fg ,normal
finger | more ,normal
date ,normal
fg ,normal
elm ,normal
ls ,normal
fg ,normal
ls ,normal
emacs ,normal
ls ,normal
ls ,normal
emacs ,normal
ls ,normal
cat ,normal
rm ,normal
vi ,normal
vi ,normal
source ,normal
fg ,normal
logout ,normal
cd ,normal
ls ,normal
vi ,normal
exit ,normal
ls ,normal
cd ,normal
ls ,normal
mkdir ,normal
cd ,normal
ls ,normal
vi ,normal
vi ,normal
exit ,normal
exit ,normal
ls ,normal
uptime ,normal
exit ,normal
ruptime ,normal
exit ,normal
elm ,normal
vi ,normal
more ,normal
fg ,normal
finger ,normal
fg ,normal
ls ,normal
cd ,normal
ls ,normal
cd ,normal
ls ,normal
cd ,normal
vi ,normal
ls ,normal
more ,normal
ls ,normal
ls -a ,normal
cd ,normal
ls ,normal
ls -R | grep ,normal
finger ,normal
talk ,normal
fg ,normal
exit ,normal
whoami ,normal
ls ,normal
uptime ,normal
netscape ,normal
who ,normal
exit ,normal
elm ,normal
uptime ,normal
elm ,normal
r ,normal
setenv ,normal
ls ,normal
more ,normal
rm ,normal
ls ,normal
cd ,normal
ls ,normal
cd ,normal
ls ,normal
maker ,normal
ruptime ,normal
elm ,normal
finger ,normal
ruptime ,normal
ruptime | more ,normal
home ,normal
fg ,normal
elm ,normal
elm ,normal
finger ,normal
finger ,normal
fg ,normal
finger ,normal
finger ,normal
finger ,normal
elm ,normal
logout ,normal
ls ,normal
cd ,normal
ls ,normal
more ,normal
elm ,normal
exit ,normal
elm ,normal
exit ,normal
elm ,normal
ls ,normal
cd ,normal
ls ,normal
vi ,normal
ls ,normal
wc ,normal
ls ,normal
wc ,normal
mv ,normal
ls ,normal
rm ,normal
exit ,normal
cd ,normal
fg ,normal
exit ,normal
ls ,normal
ls ,normal
cd ,normal
ls ,normal
vi ,normal
ls ,normal
mv ,normal
mv ,normal
ll ,normal
cd ,normal
whereis ,normal
whereis ,normal
vi ,normal
exit ,normal
cd ,normal
cd ,normal
ls ,normal
more ,normal
ls ,normal
vi ,normal
ls ,normal
rm ,normal
exit ,normal
elm ,normal
ls ,normal
ll ,normal
fg ,normal
elm ,normal
exit ,normal
cd ,normal
ls ,normal
vi ,normal
cls ,normal
man ,normal
cls ,normal
ls ,normal
vi ,normal
ls ,normal
write ,normal
exit ,normal
setenv ,normal
cd ,normal
ls ,normal
maker ,normal
ls ,normal
cd ,normal
ls ,normal
cd ,normal
ls ,normal
cd ,normal
ls ,normal
ghostview ,normal
ls ,normal
cd ,normal
ls ,normal
cd ,normal
ls ,normal
man ,normal
ls ,normal
lp -dmsl21 -n15 ,normal
lpq ,normal
lpq -dmsl21 ,normal
lpq -Pmsl21 ,normal
lpq -dmsl21 ,normal
cancel ,normal
cancel -dmsl21 -uclin ,normal
man ,normal
man ,normal
cancel -u ,normal
ghostview ,normal
cancel -u ,normal
lpq -P ,normal
ls ,normal
cd ,normal
cd ,normal
ls ,normal
ls ,normal
ls ,normal
wc ,normal
cd ,normal
cd ,normal
ls ,normal
wc ,normal
back ,normal
back ,normal
cd ,normal
ls ,normal
ghostview ,normal
exit ,normal
elm ,normal
log ,normal
cancel -u ,normal
cancel -u ,normal
ls ,normal
cd ,normal
lp -dmsl21 ,normal
cancel -u ,normal
lp -d ,normal
cancel -u ,normal
lwifo ,normal
lwinfo ,normal
ls ,normal
lwinfo ,normal
lwinfo ,normal
back ,normal
back ,normal
cd ,normal
ls ,normal
vi ,normal
ls ,normal
ls ,normal
mv ,normal
ls ,normal
mv ,normal
vi ,normal
source ,normal
vi ,normal
more ,normal
alias ,normal
source ,normal
more ,normal
unalias ,normal
ls ,normal
vi ,normal
ls ,normal
fbear ,normal
ls ,normal
finger ,normal
finger | more ,normal
finger | more ,normal
vi ,normal
source ,normal
finger ,normal
finger ,normal
ls ,normal
cp ,normal
vi ,normal
cancel -u ,normal
exit ,normal
setenv ,normal
cd ,normal
ls ,normal
vi ,normal
ls ,normal
vi ,normal
ls ,normal
vi ,normal
ls ,normal
lwinfo ,normal
lwinfo ,normal
lwinfo ,normal
lwinfo ,normal
ls ,normal
cancel -u ,normal
lp -dmsl22 ,normal
lp -dmsl22 ,normal
lpq -Pmsl22 ,normal
lpq -Pmsl23 ,normal
cancel -u ,normal
lpq -Pmsl22 ,normal
lwinfo ,normal
lwpages ,normal
cancel -u ,normal
vi ,normal
lp -dmsl23 ,normal
cancel -u ,normal
lpq -Pmsl23 ,normal
lpq -Pmsl22 ,normal
lpq -Pmsl21 ,normal
lwpages ,normal
lp -dmsl21 ,normal
cancel -u ,normal
> ,normal
<GENSYM:1> ,normal
cancel -u ,normal
lpinfo ,normal
lwinfo ,normal
ls ,normal
more ,normal
ls ,normal
ll ,normal
date ,normal
rm ,normal
lwpages ,normal
ls ,normal
vi ,normal
lp -dmsl21 ,normal
vi ,normal
ls ,normal
vi ,normal
ls ,normal
cd ,normal
ls ,normal
cd ,normal
ls ,normal
vi ,normal
vi ,normal
ls ,normal
back ,normal
lwinfo ,normal
ls ,normal
cd ,normal
cd ,normal
cd ,normal
ls ,normal
vi ,normal
lp -dmsl21 ,normal
lpq -Pmsl21 ,normal
ghostview ,normal
elm ,normal
lwinfo ,normal
lwinfo ,normal
lwinfo ,normal
lwinfo ,normal
lwinfo ,normal
lpq -Pmsl23 ,normal
cancel -u ,normal
cancel -uclin ,normal
lpq -Pmsl22 ,normal
lpq -Pmsl23 ,normal
cancel -u ,normal
cancel -u ,normal
man ,normal
ls ,normal
lpq -Pmsl23 ,normal
cancel ,normal
cd ,normal
ls ,normal
vi ,normal
ls ,normal
lwpages ,normal
lwinfo ,normal
lwinfo ,normal
lwpages ,normal
ls ,normal
vi ,normal
lp -dmsl21 ,normal
cd ,normal
ls ,normal
ll ,normal
ll ,normal
more ,normal
vi ,normal
ll ,normal
vi ,normal
lwinfo ,normal
ls ,normal
lwinfo ,normal
vi ,normal
lwinfo ,normal
back ,normal
back ,normal
lp -dmsl21 ,normal
back ,normal
lp -dmsl21 ,normal
back ,normal
lwpages ,normal
ls ,normal
rm ,normal
rm ,normal
lp -dmsl21 -n9 ,normal
lpq -Pmsl21 ,normal
lwinfo ,normal
lpq -Pmsl21 ,normal
lpq -Pmsl22 ,normal
finger ,normal
cls ,normal
ls ,normal
cd ,normal
ls ,normal
cd ,normal
ls ,normal
mv ,normal
vi ,normal
ls ,normal
fg ,normal
lwinfo ,normal
lwpages ,normal
back ,normal
cd ,normal
ls ,normal
lp -dmsl21 -n2 ,normal
fg ,normal
setenv ,normal
ls ,normal
cd ,normal
maker ,normal
ls ,normal
ls ,normal
ls ,normal
ls ,normal
vi ,normal
finger ,normal
finger ,normal
ls ,normal
vi ,normal
jarman ,normal
jarman ,normal
finger ,normal
exit ,normal
jarman ,normal
elm ,normal
finger ,normal
cd ,normal
ls ,normal
dodo ,normal
ls ,normal
vi ,normal
vi ,normal
diff ,normal
ls ,normal
mv ,normal
fg ,normal
cd ,normal
cd ,normal
ls ,normal
cd ,normal
cd ,normal
ls ,normal
cd ,normal
cd ,normal
ls ,normal
cd ,normal
ls ,normal
cd ,normal
cd ,normal
ls ,normal
cd ,normal
cd ,normal
ls ,normal
cd ,normal
cd ,normal
cd ,normal
fg ,normal
log ,normal
vi ,normal
finger | more ,normal
exit ,normal
elm ,normal
finger ,normal
logout ,normal
elm ,normal
elm ,normal
logout ,normal
elm ,normal
fg ,normal
finger ,normal
finger ,normal
finger ,normal
fg ,normal
finger ,normal
rloign ,normal
rlogin ,normal
ls ,normal
ll ,normal
rm ,normal
rm ,normal
ls ,normal
more ,normal
rm ,normal
fg ,normal
ext ,normal
exit ,normal
finger ,normal
finger ,normal
ftp ,normal
finger ,normal
finger ,normal
finger ,normal
exit ,normal
exit ,normal
elm ,normal
exit ,normal
elm ,normal
exit ,normal
elm ,normal
exit ,normal
more ,normal
more ,normal
finger ,normal
cd ,normal
ls ,normal
cp ,normal
emacs ,normal
exit ,normal
elm ,normal
r ,normal
exit ,normal
elm ,normal
logout ,normal
elm ,normal
elm ,normal
ls ,normal
cd ,normal
ls ,normal
vi ,normal
dodo ,normal
ls ,normal
more ,normal
ls ,normal
fg ,normal
elm ,normal
logout ,normal
elm ,normal
r ,normal
exit ,normal
elm ,normal
cd ,normal
ls ,normal
lwinfo ,normal
lp -dmsl23 ,normal
lpq -Pmsl23 ,normal
lp -dmsl21 ,normal
lpq -Pmsl23 ,normal
lpq -Pmsl21 ,normal
ftp ,normal
ruptime ,normal
uptime ,normal
ruptime | more ,normal
wc ,normal
more ,normal
lwinfo ,normal
lwinfo ,normal
lwinfo ,normal
lwinfo ,normal
lwpages ,normal
quit ,normal
exit ,normal
elm ,normal
elm ,normal
vi ,normal
finger ,normal
finger ,normal
elm ,normal
elm ,normal
uptime ,normal
uptime ,normal
uptime ,normal
uptime ,normal
vi ,normal
exit ,normal
uptime ,normal
elm ,normal
elm ,normal
ls ,normal
rm ,normal
cd ,normal
ls ,normal
vi ,normal
elm ,normal
finger ,normal
ps -ef | grep ,normal
ps -aux | grep ,normal
kill ,normal
kill ,normal
kill ,normal
finger ,normal
elm ,normal
rm ,normal
elm ,normal
cd ,normal
ls ,normal
more ,normal
cd ,normal
fg ,normal
elm ,normal
rm ,normal
elm ,normal
ls ,normal
alias ,normal
alias ,normal
alias ,normal
alias | more ,normal
lwinfo ,normal
enscript_msl21 ,normal
alias ,normal
rm ,normal
rm ,normal
ruptime ,normal
ruptime | more ,normal
finger ,normal
finger ,normal
ls ,normal
elm ,normal
ls ,normal
rm ,normal
rm ,normal
vi ,normal
ls ,normal
rm ,normal
ls ,normal
finger ,normal
mail ,normal
finger ,normal
rlogin ,normal
elm ,normal
finger ,normal
date ,normal
last ,normal
r ,normal
cd ,normal
ls ,normal
vi ,normal
ls ,normal
vi ,normal
fg ,normal
vi ,normal
ls ,normal
ll ,normal
cp ,normal
vi ,normal
exit ,normal
fg ,normal
finger ,normal
finger ,normal
exit ,normal
ping ,normal
mail ,normal
date ,normal
finger ,normal
exit ,normal
elm ,normal
cd ,normal
ls ,normal
vi ,normal
finger ,normal
finger ,normal
exit ,normal
elm ,normal
exit ,normal
ping ,normal
rlogin ,normal
finger ,normal
finger ,normal
exit ,normal
elm ,normal
exit ,normal
elm ,normal
vi ,normal
rm ,normal
fg ,normal
finger ,normal
fg ,normal
r ,normal
exit ,normal
finger ,normal
rlogin ,normal
exit ,normal
elm ,normal
finger ,normal
exit ,normal
setenv ,normal
ls ,normal
cd ,normal
ls ,normal
cd ,normal
ls ,normal
vi ,normal
vi ,normal
& ,normal
more ,normal
maker ,normal
exit ,normal
finger ,normal
exit ,normal
elm ,normal
cd ,normal
ls ,normal
vi ,normal
exit ,normal
cd ,normal
ls ,normal
lp -d ,normal
lp -d ,normal
setenv ,normal
cd ,normal
ls ,normal
vi ,normal
exit ,normal
elm ,normal
exit ,normal
rlogin ,normal
elm ,normal
cd ,normal
ls ,normal
vi ,normal
vi ,normal
fg ,normal
elm ,normal
rlogin ,normal
fg ,normal
rlogin ,normal
fg ,normal
finger ,normal
date ,normal
exit ,normal
elm ,normal
elm ,normal
finger ,normal
exit ,normal
elm ,normal
elm ,normal
cd ,normal
ls ,normal
vi ,normal
fg ,normal
exit ,normal
ls ,normal
cd ,normal
ls ,normal
vi ,normal
ls ,normal
vi ,normal
exit ,normal
finger ,normal
finger ,normal
finger ,normal
logout ,normal
finger ,normal
elm ,normal
exit ,normal
ls ,normal
cd ,normal
ls ,normal
vi ,normal
exit ,normal
cd ,normal
ls ,normal
more ,normal
exit ,normal
elm ,normal
exit ,normal
elm ,normal
exit ,normal
ls ,normal
cd ,normal
ls ,normal
vi ,normal
exit ,normal
elm ,normal
finger ,normal
exit ,normal
r ,normal
elm ,normal
lwinfo ,normal
fg ,normal
elm ,normal
exit ,normal
elm ,normal
exit ,normal
rlogin ,normal
exit ,normal
exit ,normal
elm ,normal
exit ,normal
exit ,normal
elm ,normal
exit ,normal
elm ,normal
man ,normal
vacatin ,normal
vacation ,normal
vacation ,normal
rm ,normal
vacation ,normal
rm ,normal
elm ,normal
fg ,normal
ls ,normal
exit ,normal
elm ,normal
finger ,normal
exit ,normal
elm ,normal
elm ,normal
finger ,normal
finger ,normal
finger ,normal
finger ,normal
inger ,normal
r -l ,normal
exit ,normal
elm ,normal
elm ,normal
logout ,normal
elm ,normal
exit ,normal
elm ,normal
finger ,normal
fg ,normal
elm ,normal
exit ,normal
elm ,normal
exit ,normal
cd ,normal
ls ,normal
more ,normal
elm ,normal
logout ,normal
elm ,normal
finger ,normal
exit ,normal
cd ,normal
ls ,normal
cp ,normal
vi ,normal
exit ,normal
elm ,normal
exit ,normal
elm ,normal
vi ,normal
vi ,normal
vi ,normal
ph ,normal
finger ,normal
finger ,normal
finger ,normal
finger ,normal
finger ,normal
lname ,normal
lname | grep ,normal
finger ,normal
finger ,normal
ping ,normal
finger ,normal
finger ,normal
finger ,normal
date ,normal
exit ,normal
ls ,normal
cd ,normal
cd ,normal
pwd ,normal
alias ,normal
source ,normal
cd ,normal
source ,normal
exit ,normal
elm ,normal
finger ,normal
g ,normal
fg ,normal
exit ,normal
source ,normal
source ,normal
source ,normal
elm ,normal
ls ,normal
cd ,normal
vi ,normal
chmod ,normal
vi ,normal
cd ,normal
terran_data ,normal
$PATH ,normal
terran_data ,normal
vi ,normal
ll ,normal
ll ,normal
cd ,normal
ls ,normal
vi ,normal
rm -f ,normal
rm -f ,normal
mv ,normal
mkdir ,normal
cd ,normal
tar ,normal
ls ,normal
cd ,normal
ls ,normal
unrm -l ,normal
unrm ,normal
unrm -l | more ,normal
ls ,normal
cd ,normal
ls ,normal
fg ,normal
exit ,normal
source ,normal
source ,normal
cd ,normal
ls ,normal
unrm -l ,normal
unrm -l | more ,normal
cd ,normal
elm ,normal
source ,normal
source ,normal
unrm -l ,normal
ls ,normal
ls ,normal
exit ,normal
source ,normal
source ,normal
source ,normal
elm ,normal
exit ,normal
source ,normal
source ,normal
ls ,normal
cd ,normal
ls ,normal
vi ,normal
cp ,normal
ls ,normal
setenv ,normal
maker ,normal
ls ,normal
mv ,normal
cat ,normal
cd ,normal
elm ,normal
source ,normal
source ,normal
elm ,normal
finger ,normal
fg ,normal
finger ,normal
finger ,normal
fg ,normal
cd ,normal
ls ,normal
vi ,normal
vi ,normal
fg ,normal
exit ,normal
source ,normal
source ,normal
elm ,normal
elm ,normal
finger ,normal
exit ,normal
source ,normal
source ,normal
elm ,normal
finger ,normal
finger ,normal
finger ,normal
fg ,normal
ls ,normal
cd ,normal
ls ,normal
fg ,normal
source ,normal
source ,normal
ps -aux | grep ,normal
kill -9 ,normal
kill -9 ,normal
elm ,normal
rm ,normal
elm ,normal
elm ,normal
rlogin ,normal
lm ,normal
elm ,normal
exit ,normal
source ,normal
source ,normal
ls ,normal
cd ,normal
ls ,normal
vi ,normal
ls ,normal
more ,normal
more ,normal
exit ,normal
source ,normal
source ,normal
elm ,normal
date ,normal
elm ,normal
ls ,normal
cd ,normal
ls ,normal
fg ,normal
cd ,normal
fg ,normal
exit ,normal
source ,normal
source ,normal
elm ,normal
cd ,normal
ls ,normal
setenv ,normal
maker ,normal
ls ,normal
cat ,normal
exit ,normal
source ,normal
source ,normal
elm ,normal
finger ,normal
finger ,normal
finger ,normal
r ,normal
exit ,normal
source ,normal
source ,normal
elm ,normal
date ,normal
finger ,normal
finger ,normal
exit ,normal
ls ,normal
env ,normal
vi ,normal
logout ,normal
source ,normal
more ,normal
source ,normal
ls ,normal
vi ,normal
logout ,normal
logout ,normal
logout ,normal
logout ,normal
logout ,normal
logout ,normal
elm ,normal
cls ,normal
lwinfo ,normal
lwinfo ,normal
lwinfo ,normal
lwinfo ,normal
lwpages ,normal
mail ,normal
rm ,normal
unrm ,normal
ls ,normal
cd ,normal
ls ,normal
cd ,normal
quota -v ,normal
more ,normal
rm ,normal
ls ,normal
more ,normal
rm ,normal
ls ,normal
finger ,normal
r ,normal
exit ,normal
elm ,normal
finger ,normal
vi ,normal
elm ,normal
elm ,normal
exit ,normal
finger ,normal
date ,normal
finger ,normal
finger ,normal
elm ,normal
exit ,normal
elm ,normal
cd ,normal
ls ,normal
cp ,normal
vi ,normal
cd ,normal
finger ,normal
fg ,normal
exit ,normal
elm ,normal
elm ,normal
finger ,normal
fg ,normal
finger ,normal
fg ,normal
finger ,normal
finger ,normal
finger ,normal
fg ,normal
ping ,normal
fg ,normal
cd ,normal
vi ,normal
fg ,normal
exit ,normal
finger ,normal
elm ,normal
finger ,normal
r ,normal
exit ,normal
elm ,normal
ping ,normal
finger ,normal
finger ,normal
finger ,normal
rlogin ,normal
cls ,normal
fg ,normal
cd ,normal
ls ,normal
vi ,normal
exit ,normal
elm ,normal
ping ,normal
elm ,normal
finger ,normal
rloin -l ,normal
rlogin -l ,normal
fg ,normal
rlogin -l ,normal
g ,normal
fg ,normal
finger ,normal
fg ,normal
finger ,normal
fg ,normal
elm ,normal
ps -aux | grep ,normal
kill -9 ,normal
rm ,normal
elm ,normal
finger ,normal
finger ,normal
finger ,normal
fg ,normal
finger ,normal
fg ,normal
ls ,normal
rm -ri ,normal
rm -rf ,normal
rm ,normal
findfile ,normal
findfile ,normal
cd ,normal
more ,normal
ls ,normal
cd ,normal
cd ,normal
ls ,normal
ll ,normal
cd ,normal
cd ,normal
ls ,normal
finger ,normal
exit ,normal
ls ,normal
cd ,normal
ls ,normal
more ,normal
cd ,normal
more ,normal
rm ,normal
ls ,normal
more ,normal
ls ,normal
exit ,normal
elm ,normal
ls ,normal
cd ,normal
ls ,normal
vi ,normal
cd ,normal
fg ,normal
fg ,normal
elm ,normal
weather ,normal
fg ,normal
exit ,normal
elm ,normal
cd ,normal
cd ,normal
ls ,normal
more ,normal
cd ,normal
fg ,normal
back ,normal
ls ,normal
vi ,normal
exit ,normal
elm ,normal
ls ,normal
finger ,normal
mail ,normal
finger ,normal
finger ,normal
finger ,normal
finger ,normal
finger ,normal
finger ,normal
exit ,normal
mail ,normal
exit ,normal
f ,normal
f ,normal
elm ,normal
elm ,normal
ls ,normal
alias ,normal
alias | more ,normal
fg ,normal
cd ,normal
ls ,normal
more ,normal
finger ,normal
finger ,normal
fg ,normal
ls ,normal
vi ,normal
setenv ,normal
vi ,normal
man ,normal
man ,normal
man ,normal
man ,normal
man -k ,normal
man -k ,normal
man ,normal
cd ,normal
fg ,normal
elm ,normal
exit ,normal
elm ,normal
cp ,normal
cd ,normal
ls ,normal
ll ,normal
ll ,normal
ls ,normal
cd ,normal
elm ,normal
fg ,normal
elm ,normal
finger ,normal
finger ,normal
finger ,normal
fg ,normal
finger ,normal
finger ,normal
finger ,normal
fg ,normal
finger ,normal
fg ,normal
finger ,normal
ls ,normal
fg ,normal
finger ,normal
fg ,normal
r -l ,normal
exit ,normal
elm ,normal
ps -ef | grep ,normal
ps -aux | grep ,normal
finger ,normal
r ,normal
ls ,normal
elm ,normal
fg ,normal
finger ,normal
elm ,normal
rm ,normal
finger ,normal
elm ,normal
finger ,normal
fg ,normal
elm ,normal
finger ,normal
fg ,normal
finger ,normal
finger ,normal
finger ,normal
ph ,normal
fg ,normal
finger ,normal
finger ,normal
rlogin ,normal
fg ,normal
rlogin -l ,normal
fg ,normal
finger ,normal
fg ,normal
cd ,normal
ls ,normal
vi ,normal
fg ,normal
rlogin -l ,normal
exit ,normal
elm ,normal
finger ,normal
finger ,normal
ph ,normal
ph ,normal
finger ,normal
fg ,normal
ls ,normal
mkdir ,normal
cp ,normal
ls ,normal
ls ,normal
cd ,normal
ls ,normal
terran_data ,normal
pwd ,normal
finger ,normal
date ,normal
finger ,normal
cd ,normal
ls ,normal
ll ,normal
cd ,normal
ls ,normal
cd ,normal
cp ,normal
cat ,normal
rm -f ,normal
rm -f ,normal
rm -f ,normal
rm -rf ,normal
mv ,normal
mkdir ,normal
cd ,normal
tar ,normal
cd ,normal
uuencode ,normal
> ,normal
ls ,normal
cd ,normal
ls ,normal
cd ,normal
ls ,normal
cp ,normal
terran_data ,normal
ls ,normal
cat ,normal
finger ,normal
cat ,normal
pwd ,normal
rm -f ,normal
rm -f ,normal
rm -rf ,normal
mv ,normal
mkdir ,normal
cd ,normal
tar ,normal
cd ,normal
uuencode ,normal
> ,normal
cd ,normal
ll ,normal
cd ,normal
cp ,normal
ls ,normal
cat ,normal
rm -f ,normal
rm -f ,normal
rm -rf ,normal
mv ,normal
mkdir ,normal
ls ,normal
cd ,normal
tar ,normal
cd ,normal
uuencode ,normal
> ,normal
ll ,normal
mailx -s ,normal
< ,normal
ls ,normal
ls -a ,normal
ls -al ,normal
rm -rf ,normal
ls ,normal
ls ,normal
ls ,normal
rm -rf ,normal
fg ,normal
finger ,normal
fg ,normal
cd ,normal
ls ,normal
vi ,normal
ls ,normal
fg ,normal
finger ,normal
finger ,normal
finger ,normal
fg ,normal
finger ,normal
fg ,normal
finger ,normal
finger ,normal
finger ,normal
date ,normal
fg ,normal
elm ,normal
elm ,normal
finger ,normal
fg ,normal
finger ,normal
fg ,normal
ls ,normal
cp ,normal
vi ,normal
exit ,normal
elm ,normal
quota -v ,normal
ll ,normal
ftp ,normal
rm ,normal
quota -v ,normal
ls ,normal
quota -v ,normal
fg ,normal
elm ,normal
rlogin ,normal
f ,normal
ps -aux | grep ,normal
exit ,normal
elm ,normal
exit ,normal
quota -v ,normal
ls ,normal
elm ,normal
rlogin ,normal
fg ,normal
date ,normal
at ,normal
at ,normal
fg ,normal
cls ,normal
ls ,normal
exit ,normal
elm ,normal
date ,normal
exit ,normal
elm ,normal
log ,normal
elm ,normal
finger ,normal
elm ,normal
lpq ,normal
lpq -o ,normal
lpq -Pmsl2 ,normal
lpq -Pmsl20 ,normal
lpq -Pmsl2 ,normal
fg ,normal
finger ,normal
finger ,normal
date ,normal
ps -ef | ps -ef | grep ,normal
ps -aux | grep ,normal
cls ,normal
fg ,normal
exit ,normal
elm ,normal
exit ,normal
setenv ,normal
maker ,normal
maker ,normal
exit ,normal
ls ,normal
exit ,normal
which ,normal
alias ,normal
alias ,normal
vi ,normal
elm ,normal
finger ,normal
finger ,normal
fg ,normal
elm ,normal
exit ,normal
setenv ,normal
maker ,normal
finger ,normal
ls ,normal
uptime ,normal
who ,normal
finger ,normal
cd ,normal
ls ,normal
cd ,normal
ls ,normal
ls ,normal
mkdir ,normal
cd ,normal
ls ,normal
ls ,normal
unalias ,normal
vi ,normal
vi ,normal
ls ,normal
mv ,normal
ls ,normal
mv ,normal
ls ,normal
vi ,normal
elm ,normal
finger ,normal
finger ,normal
finger ,normal
fg ,normal
finger ,normal
finger ,normal
finger ,normal
fg ,normal
finger ,normal
talk ,normal
j ,normal
%1 ,normal
finger ,normal
finger ,normal
finger ,normal
j ,normal
% ,normal
%2 ,normal
talk ,normal
fg ,normal
finger ,normal
fg ,normal
finger ,normal
fg ,normal
rlogin ,normal
ping ,normal
fg ,normal
rlogin ,normal
finger ,normal
j ,normal
fg ,normal
finger ,normal
finger ,normal
finger ,normal
fg ,normal
finger ,normal
finger ,normal
finger ,normal
fg ,normal
finger ,normal
finger ,normal
finger ,normal
finger ,normal
fg ,normal
finger ,normal
r ,normal
fg ,normal
finger ,normal
fg ,normal
finger ,normal
finger ,normal
finger ,normal
fg ,normal
finger ,normal
finger ,normal
fg ,normal
talk ,normal
rlogin -l ,normal
fg ,normal
fg ,normal
exit ,normal
talk ,normal
exit ,normal
rlogin -l ,normal
exit ,normal
elm ,normal
ls ,normal
cd ,normal
ls ,normal
finger ,normal
ftp ,normal
ls ,normal
mv ,normal
mv ,normal
vi ,normal
ls ,normal
vi ,normal
ls ,normal
vi ,normal
ls ,normal
vi ,normal
ftp ,normal
ls ,normal
cp ,normal
vi ,normal
vi ,normal
ls ,normal
vi ,normal
ls ,normal
rm ,normal
unrm -l ,normal
date ,normal
finger ,normal
fg ,normal
ftp ,normal
finger ,normal
ftp ,normal
ftp ,normal
cd ,normal
fg ,normal
rlogin ,normal
cd ,normal
ls ,normal
cat ,normal
ls ,normal
exit ,normal
vi ,normal
exit ,normal
rlogin ,normal
elm ,normal
source ,normal
source ,normal
cls ,normal
finger ,normal
finger ,normal
finger ,normal
finger ,normal
cls ,normal
xlock ,normal
ls ,normal
vi ,normal
xlock ,normal
passwd ,normal
passwd ,normal
rlogin ,normal
exit ,normal
source ,normal
source ,normal
ls ,normal
rm ,normal
quota -v ,normal
cd ,normal
ls ,normal
cd ,normal
ls ,normal
cd ,normal
ls ,normal
maker ,normal
cd ,normal
cd ,normal
ls ,normal
ghostview ,normal
finger ,normal
cls ,normal
date ,normal
finger ,normal
finger ,normal
finger ,normal
finer ,normal
finger ,normal
ls ,normal
cdls ,normal
cd ,normal
ls ,normal
cd ,normal
ls ,normal
rm ,normal
vi ,normal
ls ,normal
ls ,normal
quota -v ,normal
ls ,normal
cd ,normal
ls ,normal
cd ,normal
ls ,normal
cd ,normal
ls ,normal
man ,normal
man ,normal
ls ,normal
gzip ,normal
gzip ,normal
cd ,normal
ls ,normal
tar ,normal
cd ,normal
ls -l ,normal
chown ,normal
ls ,normal
ls -l ,normal
chgrp ,normal
newgrp ,normal
cd ,normal
ls ,normal
cd ,normal
ls ,normal
rm ,normal
rm ,normal
chgrp ,normal
gzip ,normal
ls ,normal
gzip ,normal
& ,normal
cd ,normal
ls ,normal
cd ,normal
ls ,normal
ls ,normal
rm -rf ,normal
rm -rf ,normal
& ,normal
cd ,normal
ls ,normal
ll ,normal
newgrp ,normal
ls ,normal
cd ,normal
ls ,normal
cd ,normal
cd ,normal
ls ,normal
cd ,normal
ls ,normal
ls ,normal
ls -l ,normal
rm -rf ,normal
cd ,normal
ls -l ,normal
cd ,normal
ls ,normal
rm ,normal
cd ,normal
ls ,normal
rmdir ,normal
rlogin ,normal
ls ,normal
ls ,normal
ls -l ,normal
mkdir ,normal
cp ,normal
mv ,normal
newgrp ,normal
cd ,normal
exit ,normal
source ,normal
source ,normal
source ,normal
ls ,normal
ls -l ,normal
chown ,normal
vi ,normal
ls -l ,normal
mv ,normal
cp ,normal
ls -l ,normal
rm ,normal
mv ,normal
cp ,normal
ls ,normal
ls -l ,normal
rm ,normal
rm ,normal
ls ,normal
ls -l ,normal
mv ,normal
cp ,normal
rm ,normal
ls -l ,normal
mv ,normal
cp ,normal
ls -l ,normal
rm ,normal
mv ,normal
cp ,normal
ls -l ,normal
cp ,normal
mv ,normal
ls ,normal
ls -l ,normal
mv ,normal
cp ,normal
rm ,normal
ls ,normal
ls -l ,normal
cd ,normal
ls ,normal
ls -l | more ,normal
mv ,normal
cp ,normal
rm ,normal
ls -l ,normal
chown ,normal
cp ,normal
ls -l ,normal
rm ,normal
mv ,normal
ls ,normal
ls -l ,normal
ls -l | more ,normal
cd ,normal
cd ,normal
tar ,normal
ls ,normal
cd ,normal
ls ,normal
gzip ,normal
ls -l ,normal
man ,normal
ls ,normal
more ,normal
l ,normal
ls ,normal
more ,normal
ls ,normal
cp ,normal
gzip ,normal
ls ,normal
rm ,normal
gzip ,normal
& ,normal
cd ,normal
ls ,normal
rm ,normal
j ,normal
kill -9 ,normal
ls ,normal
exit ,normal
chown ,normal
source ,normal
source ,normal
source ,normal
ls ,normal
ls -l | more ,normal
chown ,normal
mv ,normal
cp ,normal
ls -l | more ,normal
mkdir ,normal
cd ,normal
ls ,normal
ls -l ,normal
cp ,normal
cd ,normal
ls ,normal
ll ,normal
back ,normal
ls ,normal
rm ,normal
cd ,normal
rmdir ,normal
ls ,normal
ls -l | more ,normal
chmod ,normal
ls -l | more ,normal
chown ,normal
chown ,normal
date ,normal
cp ,normal
mv ,normal
ls -l ,normal
ls -l ,normal
cp ,normal
mv ,normal
cp ,normal
mv ,normal
cp ,normal
mv ,normal
cp ,normal
mv ,normal
cp ,normal
mv ,normal
cp ,normal
; ,normal
mv ,normal
rm ,normal
ls -l ,normal
cp ,normal
; ,normal
mv ,normal
rlogin ,normal
ls ,normal
rm ,normal
ls -l | more ,normal
cp ,normal
; ,normal
mv ,normal
cp ,normal
; ,normal
mv ,normal
cp ,normal
; ,normal
mv ,normal
cp ,normal
; ,normal
mv ,normal
ls -l | more ,normal
chown ,normal
chown ,normal
chown ,normal
ls -l ,normal
cd ,normal
ls ,normal
cd ,normal
ls ,normal
ls -l ,normal
rm ,normal
cd ,normal
rm ,normal
cd ,normal
rmdir ,normal
ls ,normal
cd ,normal
ls ,normal
rm ,normal
cd ,normal
ls ,normal
rm ,normal
ls -l ,normal
cd ,normal
ls ,normal
rm ,normal
ls -l ,normal
newgrp ,normal
exit ,normal
rlogin -l ,normal
pwd ,normal
exit ,normal
pwd ,normal
rm ,normal
ls -l ,normal
rm ,normal
exit ,normal
rlogin -l ,normal
exit ,normal
pwd ,normal
mv ,normal
ls -l ,normal
cd ,normal
source ,normal
source ,normal
source ,normal
ls ,normal
ls ,normal
ls -l ,normal
rm ,normal
LS ,normal
LS ,normal
ls ,normal
ls -l ,normal
rlogin -l ,normal
exit ,normal
rlogin -l ,normal
ls ,normal
quota -v ,normal
cd ,normal
ls ,normal
cd ,normal
mv ,normal
ls ,normal
cd ,normal
ls ,normal
cd ,normal
ls ,normal
mv ,normal
cd ,normal
ls ,normal
rmdir ,normal
ls ,normal
cd ,normal
ls ,normal
ls ,normal
ls -l ,normal
ls -l ,normal
rm -rf ,normal
rm -rf ,normal
ls ,normal
ls -l ,normal
l ,normal
cd ,normal
ls -l ,normal
rm ,normal
ls ,normal
cd ,normal
ls ,normal
cd ,normal
ls -l ,normal
rm -rf ,normal
cd ,normal
ls ,normal
quota -v ,normal
exit ,normal
rlogin -l ,normal
exit ,normal
source ,normal
source ,normal
netscape ,normal
& ,normal
source ,normal
source ,normal
xlock ,normal
ls ,normal
cd ,normal
ls ,normal
ghostview ,normal
date ,normal
elm ,normal
exit ,normal
rlogin ,normal
elm ,normal
exit ,normal
source ,normal
source ,normal
lwinfo ,normal
lwinfo ,normal
lwinfo ,normal
lwinfo ,normal
ls ,normal
xlock ,normal
lwinfo ,normal
lwinfo ,normal
xlock ,normal
rlogin -l ,normal
cls ,normal
lwinfo ,normal
lwinfo ,normal
` ,normal
source ,normal
source ,normal
xhost ,normal
rlogin ,normal
exit ,normal
rlogin ,normal
exit ,normal
maker ,normal
maker ,normal
source ,normal
source ,normal
ls ,normal
lwinfo ,normal
xlock ,normal
xlock ,normal
lwinfo ,normal
ls ,normal
cd ,normal
ls ,normal
cd ,normal
ls ,normal
ghostview ,normal
rm ,normal
ls ,normal
ll ,normal
date ,normal
ftp ,normal
linc ,normal
xlock ,normal
exit ,normal
rlogin ,normal
exit ,normal
rlogin ,normal
exit ,normal
ls ,normal
elm ,normal
elm ,normal
finger ,normal
finger ,normal
finger ,normal
fg ,normal
exit ,normal
ls ,normal
cd ,normal
ls ,normal
rm ,normal
quota -v ,normal
cd ,normal
ls ,normal
cd ,normal
finger ,normal
elm ,normal
finger ,normal
ftp ,normal
fg ,normal
cd ,normal
ls ,normal
cd ,normal
ls ,normal
mv ,normal
vi ,normal
ls ,normal
lwinfo ,normal
fg ,normal
ls ,normal
diff ,normal
vi ,normal
vi ,normal
diff ,normal
ls ,normal
mv ,normal
fg ,normal
exit ,normal
rlogin ,normal
rlogin ,normal
rlogin -l ,normal
exit ,normal
elm ,normal
quota -v ,normal
ls ,normal
cd ,normal
ls ,normal
cd ,normal
ls ,normal
ll ,normal
ls -R ,normal
ls -R ,normal
ls -R | grep ,normal
cd ,normal
ls ,normal
cd ,normal
ls ,normal
cd ,normal
ls ,normal
ll ,normal
cd ,normal
ll ,normal
cd ,normal
cd ,normal
ls ,normal
cd ,normal
cd ,normal
ls ,normal
cd ,normal
ls ,normal
ll ,normal
ll ,normal
cd ,normal
ls ,normal
rm ,normal
quota -v ,normal
quota -v ,normal
cd ,normal
ls ,normal
vi ,normal
quota -v ,normal
ls ,normal
uptime ,normal
rutime ,normal
ruptime ,normal
finger ,normal
finger ,normal
finger ,normal
quota -v ,normal
cd ,normal
cd ,normal
ls ,normal
cd ,normal
ls ,normal
rm -rf ,normal
rm -rf ,normal
quota -v ,normal
cd ,normal
ls ,normal
cd ,normal
ls ,normal
cd ,normal
ls ,normal
cd ,normal
ls ,normal
ls -l ,normal
ls ,normal
cd ,normal
ls ,normal
cd ,normal
ls ,normal
cd ,normal
ll ,normal
cd ,normal
ls ,normal
cd ,normal
ls ,normal
cd ,normal
ls ,normal
more ,normal
ls ,normal
more ,normal
ls ,normal
cd ,normal
ls ,normal
cd ,normal
ls ,normal
cd ,normal
ls ,normal
cd ,normal
cd ,normal
ls ,normal
cd ,normal
fg ,normal
exit ,normal
netscape ,normal
& ,normal
lwinfo ,normal
lwinfo ,normal
exit ,normal
rlogin ,normal
exit ,normal
maker ,normal
xlock ,normal
xlock ,normal
source ,normal
source ,normal
ls ,normal
cd ,normal
ls ,normal
ls ,normal
cd ,normal
ls ,normal
rm ,normal
rm ,normal
ls ,normal
ll ,normal
ghostview ,normal
ftp ,normal
rlogin -l ,normal
ls ,normal
ghostview ,normal
rlogin ,normal
uptime ,normal
ls ,normal
ghostview ,normal
vi ,normal
exit ,normal
rlogin ,normal
exit ,normal
rlogin ,normal
exit ,normal
ls ,normal
cd ,normal
ls ,normal
cd ,normal
ls ,normal
cd ,normal
ls ,normal
lp -d ,normal
lp -d ,normal
lp -d ,normal
lp -d ,normal
elm ,normal
finger ,normal
cls ,normal
cd ,normal
ls ,normal
finger ,normal
date ,normal
exit ,normal
elm ,normal
finger ,normal
mail ,normal
exit ,normal
elm ,normal
cd ,normal
ls ,normal
more ,normal
fg ,normal
ls ,normal
elm ,normal
fg ,normal
finger ,normal
finger ,normal
mail ,normal
exit ,normal
elm ,normal
exit ,normal
exit ,normal
elm ,normal
elm ,normal
ls ,normal
rm ,normal
fg ,normal
exit ,normal
rlogin ,normal
exit ,normal
elm ,normal
exit ,normal
source ,normal
source ,normal
xhost ,normal
finger ,normal
xlock ,normal
cd ,normal
ls ,normal
vi ,normal
ls ,normal
cp ,normal
vi ,normal
finger ,normal
exit ,normal
rlogin ,normal
exit ,normal
rlogin ,normal
rlogin ,normal
ftp ,normal
elm ,normal
cd ,normal
ls ,normal
vi ,normal
cd ,normal
ls ,normal
ls ,normal
date ,normal
cat ,normal
ll ,normal
uuencode ,normal
> ,normal
ll ,normal
mailx -s ,normal
< ,normal
vi ,normal
fg ,normal
ls ,normal
cat ,normal
cd ,normal
rm ,normal
tar ,normal
cd ,normal
uuencode ,normal
> ,normal
mailx -s ,normal
< ,normal
vi ,normal
fg ,normal
cd ,normal
ls ,normal
vi ,normal
fg ,normal
vi ,normal
fg ,normal
ls ,normal
cd ,normal
cd ,normal
ls ,normal
mv ,normal
vi ,normal
ls -l ,normal
ls -a ,normal
vi ,normal
ls ,normal
ls -a ,normal
cd ,normal
ls ,normal
more ,normal
more ,normal
ls ,normal
cd ,normal
ls -a ,normal
vi ,normal
s ,normal
elm ,normal
fg ,normal
fg ,normal
ls ,normal
mv ,normal
finger ,normal
finger ,normal
exit ,normal
fg ,normal
exit ,normal
elm ,normal
exit ,normal
elm ,normal
exit ,normal
elm ,normal
elm ,normal
cd ,normal
ls ,normal
vi ,normal
fg ,normal
elm ,normal
exit ,normal
elm ,normal
exit ,normal
elm ,normal
cd ,normal
ls ,normal
vi ,normal
finger ,normal
talk ,normal
talk ,normal
finger ,normal
fg ,normal
elm ,normal
exit ,normal
exit ,normal
elm ,normal
exit ,normal
cd ,normal
ls ,normal
cd ,normal
vi ,normal
cd ,normal
elm ,normal
exit ,normal
elm ,normal
exit ,normal
elm ,normal
ls ,normal
cd ,normal
ls ,normal
mv ,normal
vi ,normal
exit ,normal
cd ,normal
ls ,normal
lwinfo ,normal
lp -d ,normal
exit ,normal
finger ,normal
talk ,normal
finger ,normal
finger ,normal
exit ,normal
finger ,normal
mail ,normal
elm ,normal
finger ,normal
talk ,normal
exit ,normal
elm ,normal
exit ,normal
ls ,normal
cd ,normal
ls ,normal
vi ,normal
mail ,normal
ls ,normal
cp ,normal
finger ,normal
rlogin ,normal
exit ,normal
elm ,normal
rlogin ,normal
ping ,normal
ssinfo ,normal
fg ,normal
exit ,normal
elm ,normal
ls ,normal
cd ,normal
ls ,normal
rm ,normal
cd ,normal
ls ,normal
cd ,normal
ls ,normal
vi ,normal
cd ,normal
fg ,normal
rlogin ,normal
fg ,normal
ls ,normal
finger ,normal
ping ,normal
finger ,normal
whereis ,normal
rlogin ,normal
finger ,normal
finger ,normal
finger ,normal
finger ,normal
rlogin ,normal
elm ,normal
exit ,normal
uptime ,normal
who ,normal
elm ,normal
elm ,normal
exit ,normal
elm ,normal
fg ,normal
exit ,normal
date ,normal
elm ,normal
elm ,normal
elm ,normal
date ,normal
fg ,normal
ftp -n ,normal
ftp -n ,normal
ftp ,normal
elm ,normal
fg ,normal
exit ,normal
elm ,normal
talk ,normal
talk ,normal
finger ,normal
elm ,normal
f ,normal
ftp ,normal
fg ,normal
finger ,normal
finger ,normal
fg ,normal
elm ,normal
exit ,normal
elm ,normal
rlogin ,normal
fg ,normal
finger ,normal
exit ,normal
elm ,normal
elm ,normal
ftp ,normal
elm ,normal
fg ,normal
finger ,normal
finger ,normal
mail ,normal
fg ,normal
rlogin ,normal
fg ,normal
finger ,normal
fg ,normal
finger ,normal
fg ,normal
setenv ,normal
netscape ,normal
& ,normal
who ,normal
uptime ,normal
uptime ,normal
ls ,normal
ftp ,normal
ls ,normal
rm ,normal
rm ,normal
ls ,normal
more ,normal
rm ,normal
finger ,normal
finger ,normal
fg ,normal
elm ,normal
finger ,normal
cd ,normal
cd ,normal
cd ,normal
ls ,normal
cd ,normal
ls ,normal
cd ,normal
ls ,normal
cd ,normal
cd ,normal
ls ,normal
cd ,normal
cd ,normal
ls ,normal
cd ,normal
cd ,normal
ls ,normal
ls ,normal
cd ,normal
cd ,normal
ls ,normal
more ,normal
cd ,normal
cls ,normal
finger ,normal
exit ,normal
elm ,normal
date ,normal
exit ,normal
elm ,normal
finger ,normal
quit ,normal
exit ,normal
elm ,normal
finger ,normal
r ,normal
exit ,normal
elm ,normal
elm ,normal
ls ,normal
cd ,normal
ls ,normal
vi ,normal
elm ,normal
rm ,normal
elm ,normal
elm ,normal
cd ,normal
ls ,normal
vi ,normal
cd ,normal
fg ,normal
j ,normal
elm ,normal
finger ,normal
exit ,normal
finger ,normal
elm ,normal
finger ,normal
finger ,normal
mail ,normal
finger ,normal
rlogin ,normal
ftp ,normal
ping ,normal
ping ,normal
elm ,normal
fg ,normal
elm ,normal
exit ,normal
finger ,normal
finger ,normal
finger ,normal
finger ,normal
elm ,normal
talk ,normal
talk ,normal
fg ,normal
fg ,normal
finger ,normal
finger ,normal
finger ,normal
finger ,normal
finger ,normal
finger ,normal
ps -ef | grep ,normal
ps -aux | grep ,normal
kill -9 ,normal
elm ,normal
rm ,normal
elm ,normal
elm ,normal
cp ,normal
elm ,normal
ls ,normal
cd ,normal
ls ,normal
rm ,normal
cd ,normal
ls ,normal
rm ,normal
vi ,normal
ls ,normal
quota -v ,normal
more ,normal
rm ,normal
ls ,normal
cd ,normal
ls ,normal
cd ,normal
cd ,normal
cd ,normal
ls ,normal
cd ,normal
ls ,normal
cd ,normal
ls ,normal
cd ,normal
rmdir ,normal
cd ,normal
ls ,normal
cd ,normal
ls ,normal
cd ,normal
ls ,normal
rlogin ,normal
elm ,normal
ls ,normal
ps -aux | grep ,normal
kill -9 ,normal
ps -aux | grep ,normal
elm ,normal
rm ,normal
elm ,normal
fg ,normal
exit ,normal
elm ,normal
exit ,normal
elm ,normal
elm ,normal
finger ,normal
exit ,normal
cd ,normal
ls ,normal
mv ,normal
vi ,normal
ftp ,normal
rlogin ,normal
cd ,normal
elm ,normal
date ,normal
exit ,normal
finger ,normal
talk ,normal
elm ,normal
elm ,normal
exit ,normal
elm ,normal
elm ,normal
cd ,normal
ls ,normal
mv ,normal
vi ,normal
ls ,normal
mv ,normal
vi ,normal
ls ,normal
exit ,normal
finger ,normal
cd ,normal
ls ,normal
ll ,normal
lp -d ,normal
lwinfo ,normal
lp -d ,normal
exit ,normal
ps -aux | grep ,normal
kill -9 ,normal
ps -aux | grep ,normal
kill -9 ,normal
kill -9 ,normal
ps -aux | grep ,normal
kill -9 ,normal
elm ,normal
rm ,normal
ls ,normal
elm ,normal
finger ,normal
talk ,normal
fg ,normal
elm ,normal
finger ,normal
talk ,normal
talk ,normal
rlogin -l ,normal
fg ,normal
finger ,normal
finger ,normal
fg ,normal
ls ,normal
cat ,normal
cp ,normal
vi ,normal
ll ,normal
test ,normal
pwd ,normal
cat ,normal
cd ,normal
pwd ,normal
cd ,normal
test ,normal
pwd ,normal
vi ,normal
test ,normal
pwd ,normal
cat ,normal
cd ,normal
pwd ,normal
back ,normal
rm ,normal
pwd ,normal
ls ,normal
fg ,normal
finger ,normal
fg ,normal
elm ,normal
elm ,normal
elm ,normal
elm ,normal
exit ,normal
elm ,normal
exit ,normal
elm ,normal
exit ,normal
ssinfo ,normal
exit ,normal
ls ,normal
vi ,normal
cp ,normal
vi ,normal
ftp ,normal
rlogin ,normal
rlogin ,normal
finger ,normal
vi ,normal
rlogin ,normal
vi ,normal
exit ,normal
elm ,normal
ls ,normal
cd ,normal
ls ,normal
cd ,normal
ls ,normal
cd ,normal
cd ,normal
ls ,normal
cd ,normal
ls ,normal
ls ,normal
cd ,normal
rmdir ,normal
ls ,normal
more ,normal
ls ,normal
more ,normal
ls ,normal
Make_c ,normal
vi ,normal
ls ,normal
rm ,normal
cd ,normal
ls ,normal
rmdir ,normal
ls ,normal
cd ,normal
ls ,normal
cd ,normal
man ,normal
ls ,normal
man ,normal
ls ,normal
cd ,normal
ls ,normal
cd ,normal
ls ,normal
cd ,normal
ls ,normal
cd ,normal
tar ,normal
cd ,normal
ls ,normal
mv ,normal
ls ,normal
cd ,normal
ls ,normal
rm ,normal
cd ,normal
rmdir ,normal
ls ,normal
cd ,normal
ls ,normal
tar ,normal
rm ,normal
cd ,normal
rmdir ,normal
ls ,normal
man ,normal
ls ,normal
gzip ,normal
ls ,normal
ungzip ,normal
gunzip ,normal
ls ,normal
cd ,normal
gzip ,normal
man ,normal
man ,normal
ls ,normal
cd ,normal
ls ,normal
rm ,normal
ls ,normal
cd ,normal
ls ,normal
cd ,normal
back ,normal
cd ,normal
ls ,normal
rm ,normal
cd ,normal
ls ,normal
cd ,normal
ls ,normal
quota -v ,normal
rlogin ,normal
rlogin ,normal
man ,normal
cd ,normal
ls ,normal
cd ,normal
ls ,normal
man ,normal
cd ,normal
ls ,normal
cd ,normal
ls ,normal
cd ,normal
ls ,normal
cd ,normal
ls ,normal
cd ,normal
ls ,normal
cd ,normal
ls ,normal
cd ,normal
ls ,normal
rm ,normal
quota -v ,normal
finger ,normal
rlogin ,normal
ls ,normal
cd ,normal
ls ,normal
cd ,normal
ls ,normal
rm ,normal
elm ,normal
exit ,normal
cd ,normal
ls ,normal
finger ,normal
ftp ,normal
exit ,normal
elm ,normal
elm ,normal
finger ,normal
ftp ,normal
fg ,normal
finger ,normal
fg ,normal
exit ,normal
cat ,normal
cls ,normal
ls ,normal
elm ,normal
exit ,normal
elm ,normal
ph ,normal
ph ,normal
ph ,normal
ph ,normal
fg ,normal
cd ,normal
ls ,normal
more ,normal
cd ,normal
fg ,normal
exit ,normal
elm ,normal
iq ,normal
ph ,normal
ph ,normal
more ,normal
ls -al ,normal
ls -a ,normal
vi ,normal
finger ,normal
finger ,normal
elm ,normal
finger ,normal
finger ,normal
finger ,normal
finger ,normal
finger ,normal
mail ,normal
ls ,normal
finger ,normal
finger ,normal
finger ,normal
elm ,normal
fg ,normal
ps -aux | grep ,normal
kill ,normal
elm ,normal
finger ,normal
mail ,normal
fg ,normal
finger ,normal
cls ,normal
fg ,normal
exit ,normal
elm ,normal
rm ,normal
ps -aux | grep ,normal
kill -9 ,normal
elm ,normal
elm ,normal
talk ,normal
elm ,normal
fg ,normal
finger ,normal
fg ,normal
elm ,normal
rlogin ,normal
finger ,normal
fg ,normal
exit ,normal
elm ,normal
rlogin -l ,normal
exit ,normal
quota -v ,normal
ls ,normal
ll ,normal
ll ,normal
quit ,normal
exit ,normal
rwho | more ,normal
who ,normal
ls ,normal
cd ,normal
finger ,normal
ftp ,normal
ls ,normal
vi ,normal
ls ,normal
vi ,normal
ls ,normal
vi ,normal
vi ,normal
cd ,normal
ls ,normal
mv ,normal
mv ,normal
vi ,normal
ls ,normal
vi ,normal
ls ,normal
vi ,normal
:q ,normal
ls ,normal
cd ,normal
elm ,normal
rm ,normal
ps -aux | grep ,normal
kill -9 ,normal
kill ,normal
kill -9 ,normal
ps -aux | grep ,normal
kill -9 ,normal
elm ,normal
exit ,normal
ls ,normal
cd ,normal
ls ,normal
vi ,normal
exit ,normal
cd ,normal
ls ,normal
vi ,normal
vi ,normal
lp -d ,normal
lpq -Pmsl21 ,normal
mail ,normal
exit ,normal
ls ,normal
cd ,normal
ll ,normal
lp -dmsl21 -n19 ,normal
lp -dmsl23 ,normal
lwinfo ,normal
lwinfo ,normal
ls ,normal
lp -dmsl23 -n9 ,normal
lpq -Pmsl23 ,normal
man ,normal
ls ,normal
exit ,normal
elm ,normal
exit ,normal
exit ,normal
ls ,normal
weather ,normal
rlogin -l ,normal
elm ,normal
exit ,normal
elm ,normal
finger ,normal
exit ,normal
ssinfo ,normal
exit ,normal
exit ,normal
exit ,normal
elm ,normal
exit ,normal
ls ,normal
exit ,normal
elm ,normal
finger ,normal
exit ,normal
exit ,normal
elm ,normal
finger ,normal
elm ,normal
rlogin -l ,normal
exit ,normal
elm ,normal
exit ,normal
elm ,normal
elm ,normal
exit ,normal
exit ,normal
elm ,normal
finger ,normal
date ,normal
finger ,normal
finger ,normal
mail ,normal
finger ,normal
exit ,normal
elm ,normal
exit ,normal
elm ,normal
finger ,normal
exit ,normal
finger ,normal
date ,normal
finger ,normal
exit ,normal
exit ,normal
exit ,normal
exit ,normal
exit ,normal
elm ,normal
exit ,normal
elm ,normal
finger ,normal
date ,normal
rlogin -l ,normal
elm ,normal
fg ,normal
exit ,normal
elm ,normal
exit ,normal
exit ,normal
finger ,normal
date ,normal
ssinfo ,normal
rlogin ,normal
rlogin ,normal
finger ,normal
finger ,normal
finger ,normal
finger ,normal
date ,normal
exit ,normal
elm ,normal
finger ,normal
talk ,normal
elm ,normal
exit ,normal
elm ,normal
exit ,normal
elm ,normal
exit ,normal
exit ,normal
exit ,normal
finger ,normal
rlogin ,normal
exit ,normal
finger ,normal
elm ,normal
exit ,normal
elm ,normal
rlogin ,normal
exit ,normal
fg ,normal
exit ,normal
ls ,normal
cd ,normal
ls ,normal
vi ,normal
ls ,normal
elm ,normal
finger ,normal
elm ,normal
fg ,normal
exit ,normal
elm ,normal
exit ,normal
elm ,normal
exit ,normal
ls ,normal
cd ,normal
ls ,normal
vi ,normal
chmod ,normal
vi ,normal
exit ,normal
cd ,normal
ls ,normal
chmod ,normal
vi ,normal
exit ,normal
cd ,normal
ls ,normal
vi ,normal
exit ,normal
finger ,normal
finger ,normal
exit ,normal
finger ,normal
ls ,normal
ls ,normal
cat ,normal
cat ,normal
mail ,normal
cat ,normal
rm -f ,normal
rm -f ,normal
rm -rf ,normal
mv ,normal
mkdir ,normal
cd ,normal
tar ,normal
cd ,normal
uuencode ,normal
> ,normal
ls ,normal
ll ,normal
mailx -s ,normal
< ,normal
quota -v ,normal
rlogin ,normal
who ,normal
finger ,normal
finger ,normal
finger ,normal
who ,normal
exit ,normal
elm ,normal
exit ,normal
ssinfo ,normal
rlogin ,normal
ping ,normal
ping ,normal
exit ,normal
exit ,normal
elm ,normal
finger ,normal
cal ,normal
finger ,normal
date ,normal
elm ,normal
date ,normal
exit ,normal
elm -f ,normal
ls ,normal
ftp ,normal
quit ,normal
exit ,normal
exit ,normal
ls ,normal
cd ,normal
ls ,normal
ll ,normal
cd ,normal
ls ,normal
ls ,normal
more ,normal
more ,normal
cls ,normal
exit ,normal
cd ,normal
rlogin ,normal
elm ,normal
exit ,normal
elm ,normal
who ,normal
rwho | more ,normal
finger ,normal
finger ,normal
finger ,normal
exit ,normal
finger ,normal
exit ,normal
elm ,normal
exit ,normal
elm ,normal
exit ,normal
finger ,normal
finger ,normal
finger ,normal
elm ,normal
ls ,normal
elm ,normal
ph ,normal
exit ,normal
fg ,normal
exit ,normal
cd ,normal
vi ,normal
cd ,normal
exit ,normal
date ,normal
elm ,normal
rlogin ,normal
fg ,normal
ps -ef | grep ,normal
ps -aux | grep ,normal
elm ,normal
rm ,normal
elm ,normal
elm ,normal
exit ,normal
exit ,normal
elm ,normal
exit ,normal
exit ,normal
elm ,normal
exit ,normal
exit ,normal
exit ,normal
who ,normal
ls ,normal
cat ,normal
rm -f ,normal
rm -f ,normal
rm -rf ,normal
mv ,normal
mkdir ,normal
cd ,normal
tar ,normal
cd ,normal
uuencode ,normal
> ,normal
mailx -s ,normal
< ,normal
rlogin ,normal
finger ,normal
elm ,normal
exit ,normal
elm ,normal
exit ,normal
mail ,normal
exit ,normal
elm ,normal
cd ,normal
ls ,normal
vi ,normal
vi ,normal
exit ,normal
cd ,normal
ls ,normal
cd ,normal
ls ,normal
cd ,normal
ls ,normal
vi ,normal
ls ,normal
ls ,normal
vi ,normal
cls ,normal
ls ,normal
exit ,normal
elm ,normal
exit ,normal
elm ,normal
exit ,normal
exit ,normal
ls ,normal
more ,normal
rmt ,normal
ls ,normal
mv ,normal
more ,normal
ls ,normal
more ,normal
rm ,normal
ls ,normal
quota -v ,normal
more ,normal
ls ,normal
cd ,normal
ls ,normal
ls ,normal
more ,normal
rm ,normal
cd ,normal
ls ,normal
more ,normal
rm ,normal
more ,normal
ls ,normal
exit ,normal
vi ,normal
elm ,normal
exit ,normal
elm ,normal
exit ,normal
elm ,normal
elm ,normal
elm ,normal
vi ,normal
man ,normal
ls ,normal
vi ,normal
mail ,normal
< ,normal
rm ,normal
ls ,normal
elm ,normal
fg ,normal
date ,normal
fg ,normal
exit ,normal
ls ,normal
cd ,normal
ls ,normal
cd ,normal
ls ,normal
vi ,normal
exit ,normal
mail ,normal
elm ,normal
exit ,normal
exit ,normal
exit ,normal
elm ,normal
exit ,normal
mail ,normal
elm ,normal
finger ,normal
uptime ,normal
ruptime ,normal
uptime ,normal
ruptime ,normal
finger ,normal
finger ,normal
finger ,normal
finger ,normal
exit ,normal
fg ,normal
exit ,normal
cd ,normal
ls ,normal
vi ,normal
exit ,normal
cd ,normal
vi ,normal
exit ,normal
elm ,normal
exit ,normal
elm ,normal
exit ,normal
ssinfo ,normal
finger ,normal
date ,normal
elm ,normal
finger ,normal
ls ,normal
cat ,normal
rm -f ,normal
rm -f ,normal
rm -rf ,normal
mv ,normal
mkdir ,normal
cd ,normal
tar ,normal
cd ,normal
uuencode ,normal
> ,normal
mailx -s ,normal
< ,normal
mailx ,normal
exit ,normal
fg ,normal
exit ,normal
cd ,normal
ls ,normal
vi ,normal
vi ,normal
exit ,normal
cd ,normal
ls ,normal
cd ,normal
ls ,normal
ls ,normal
chmod ,normal
mail ,normal
elm ,normal
elm ,normal
exit ,normal
talk ,normal
ls ,normal
cd ,normal
ls ,normal
cp ,normal
vi ,normal
vi ,normal
vi ,normal
cp ,normal
vi ,normal
exit ,normal
ls ,normal
cd ,normal
cd ,normal
ls ,normal
cd ,normal
ls ,normal
quota ,normal
quota -v ,normal
mkdir ,normal
mv ,normal
mv ,normal
mv ,normal
mv ,normal
mv ,normal
mv ,normal
mv ,normal
ls ,normal
mkdir ,normal
mv ,normal
mv ,normal
mv ,normal
mv ,normal
mv ,normal
mv ,normal
ls ,normal
mv ,normal
mv ,normal
ls ,normal
ls ,normal
cd ,normal
ls ,normal
exit ,normal
elm ,normal
finger ,normal
fg ,normal
finger ,normal
date ,normal
fg ,normal
cd ,normal
ls ,normal
chmod ,normal
ll ,normal
chmod ,normal
vi ,normal
fg ,normal
vi ,normal
fg ,normal
ls ,normal
cd ,normal
ll ,normal
cd ,normal
ls ,normal
ll ,normal
chmod ,normal
chmod ,normal
ls ,normal
elm ,normal
exit ,normal
elm ,normal
exit ,normal
elm ,normal
exit ,normal
elm ,normal
exit ,normal
exit ,normal
alias ,normal
elm ,normal
exit ,normal
elm ,normal
exit ,normal
elm ,normal
exit ,normal
elm ,normal
exit ,normal
elm ,normal
cd ,normal
ls ,normal
quota -v ,normal
elm -f ,normal
elm ,normal
cp ,normal
rm ,normal
elm ,normal
exit ,normal
elm ,normal
exit ,normal
elm ,normal
exit ,normal
qutoa -v ,normal
quota -v ,normal
ls ,normal
elm ,normal
exit ,normal
elm ,normal
exit ,normal
elm ,normal
ssinfo ,normal
fg ,normal
exit ,normal
finger ,normal
finger ,normal
finger ,normal
elm ,normal
exit ,normal
elm ,normal
elm ,normal
finger ,normal
finger ,normal
finger ,normal
cls ,normal
ls ,normal
ph ,normal
ph ,normal
cls ,normal
ph ,normal
ssinfo ,normal
exit ,normal
elm ,normal
ls ,normal
finger ,normal
finger ,normal
finger ,normal
finger ,normal
finger ,normal
finger ,normal
finger ,normal
ls ,normal
cls ,normal
ssinfo ,normal
exit ,normal
ls ,normal
lsa ,normal
ls ,normal
cd ,normal
ls ,normal
cd ,normal
lsa ,normal
vi ,normal
cp ,normal
ll ,normal
elm ,normal
finger ,normal
exit ,normal
elm ,normal
finger ,normal
fg ,normal
rlogin ,normal
ssinfo ,normal
exit ,normal
exit ,normal
elm ,normal
exit ,normal
elm ,normal
exit ,normal
lwinfo ,normal
lwinfo ,normal
lwinfo ,normal
lwinfo ,normal
cd ,normal
ll ,normal
chmod ,normal
elm ,normal
exit ,normal
elm ,normal
exit ,normal
elm ,normal
whereis ,normal
whence ,normal
where ,normal
finger ,normal
finger ,normal
mail ,normal
whereis ,normal
cd ,normal
ls ,normal
cd ,normal
ls ,normal
cd ,normal
ls ,normal
cd ,normal
cd ,normal
ls ,normal
cd ,normal
ls ,normal
ls ,normal
ls | mre ,normal
ls | more ,normal
man ,normal
cd ,normal
ls ,normal
cd ,normal
ls ,normal
ls | more ,normal
ls ,normal
cd ,normal
ls ,normal
cd ,normal
ls ,normal
cd ,normal
ls | more ,normal
cd ,normal
ls ,normal
cd ,normal
ls ,normal
cd ,normal
cd ,normal
ls ,normal
cd ,normal
ls ,normal
ls | more ,normal
cd ,normal
ls ,normal
mail ,normal
ls ,normal
cd ,normal
s ,normal
ls ,normal
cd ,normal
cd ,normal
ls ,normal
cd ,normal
ls ,normal
whereis ,normal
whereis ,normal
elm ,normal
whereis ,normal
ls ,normal
cd ,normal
ls ,normal
whereis ,normal
ls ,normal
cat ,normal
rm -f ,normal
rm -f ,normal
rm -rf ,normal
mv ,normal
mkdir ,normal
cd ,normal
tar ,normal
cd ,normal
uuencode ,normal
> ,normal
mailx -s ,normal
< ,normal
elm ,normal
whereis ,normal
cd ,normal
ls ,normal
ls ,normal
ssinfo ,normal
alias ,normal
lwinfo ,normal
lwinfo ,normal
lwinfo ,normal
lwpages ,normal
lwinfo ,normal
elm ,normal
lwinfo ,normal
fg ,normal
exit ,normal
elm ,normal
finger ,normal
finger ,normal
elm ,normal
exit ,normal
elm ,normal
cd ,normal
ls ,normal
ls ,normal
cd ,normal
cd ,normal
ls ,normal
cd ,normal
ls ,normal
cd ,normal
cd ,normal
ls ,normal
cd ,normal
rlogin ,normal
exit ,normal
ls ,normal
vi ,normal
source ,normal
source ,normal
acroread ,normal
cd ,normal
ls ,normal
cd ,normal
ls ,normal
cd ,normal
ls ,normal
source ,normal
cd ,normal
source ,normal
source ,normal
cd ,normal
ls ,normal
man ,normal
man ,normal
lpq -Pmsl22 ,normal
man ,normal
cancel ,normal
lpq -Pmsl22 ,normal
cancel ,normal
cancel ,normal
man ,normal
man ,normal
cancel -u ,normal
lpq -Pmsl20 ,normal
lpq -Pmsl20 ,normal
lwinfo ,normal
lpq -Pmsl20 ,normal
lpq -Pmsl20 ,normal
rlogin ,normal
exit ,normal
elm ,normal
exit ,normal
elm ,normal
elm ,normal
elm ,normal
ls ,normal
elm ,normal
finger ,normal
vi ,normal
exit ,normal
elm ,normal
elm ,normal
elm ,normal
exit ,normal
elm ,normal
lp -dmsl21 ,normal
lpq -P ,normal
cancel ,normal
lp -dmsl23 ,normal
lpq -Pmsl23 ,normal
lp -d ,normal
lpq -Pmsl23 ,normal
lpq -Pmsl22 ,normal
finger ,normal
finger ,normal
exit ,normal
lpq -Pmsl22 ,normal
lpq -Pmsl23 ,normal
cancel ,normal
lpq -Pmsl21 ,normal
lp -dmsl21 ,normal
lpq -Pmsl21 ,normal
lpq -Pmsl21 ,normal
date ,normal
lpq -Pmsl21 ,normal
lpq -Pmsl21 ,normal
lpq -Pmsl21 ,normal
cancel ,normal
cancel ,normal
lpq -Pmsl21 ,normal
lpq -Pmsl21 ,normal
lpq -Pmsl21 ,normal
lpq -Pmsl21 ,normal
lpq -Pmsl21 ,normal
cancel ,normal
exit ,normal
elm ,normal
lpq -Pmsl21 ,normal
lpq -Pmsl20 ,normal
lpq -Pmsl22 ,normal
lpq -Pmsl23 ,normal
vi ,normal
lp -d ,normal
lpq -Pmsl22 ,normal
lpq -Pmsl23 ,normal
lpq -Pmsl22 ,normal
finger ,normal
mail ,normal
date ,normal
ls ,normal
elm ,normal
exit ,normal
elm ,normal
finger ,normal
finger ,normal
finger ,normal
finger ,normal
chfg ,normal
chfn ,normal
exit ,normal
elm ,normal
finger ,normal
fg ,normal
vi ,normal
rm ,normal
vi ,normal
fg ,normal
ls ,normal
vi ,normal
fg ,normal
exit ,normal
source ,normal
source ,normal
rlogin ,normal
` ,normal
elm ,normal
finger ,normal
finger ,normal
finger ,normal
uptime ,normal
finger ,normal
finger ,normal
finger ,normal
finger ,normal
ruptime ,normal
ls ,normal
elm ,normal
fg ,normal
cd ,normal
ls ,normal
ll ,normal
cd ,normal
alias | more ,normal
more ,normal
more ,normal
quota -v ,normal
elm ,normal
elm ,normal
elm ,normal
elm ,normal
cd ,normal
vi ,normal
exit ,normal
source ,normal
source ,normal
source ,normal
ruptime | more ,normal
finger ,normal
finger ,normal
finger ,normal
finger ,normal
finger ,normal
rlogin ,normal
1 ,normal
more ,normal
more ,normal
more ,normal
finger ,normal
finger ,normal
finger ,normal
ls ,normal
lwinfo ,normal
lwinfo ,normal
lwinfo ,normal
ls ,normal
vi ,normal
ls ,normal
alias ,normal
alias | more ,normal
enscript -2rG -dmsl22 ,normal
lpq -Pmsl22 ,normal
lpq -Pmsl23 ,normal
xlock ,normal
lwinfo ,normal
lwinfo ,normal
lwinfo ,normal
lwinfo ,normal
ls ,normal
vi ,normal
quota -v ,normal
ruptime ,normal
man ,normal
man ,normal
ls ,normal
cd ,normal
ls ,normal
cd ,normal
ls ,normal
cd ,normal
ls ,normal
vi ,normal
vi ,normal
back ,normal
back ,normal
cd ,normal
man ,normal
` ,normal
rlogin ,normal
xterm ,normal
rlogin ,normal
xhost ,normal
xhost ,normal
rlogin ,normal
exit ,normal
netscape ,normal
source ,normal
source ,normal
ls ,normal
rm ,normal
rm ,normal
more ,normal
rm ,normal
ls ,normal
more ,normal
rm ,normal
ls ,normal
rm ,normal
more ,normal
ls ,normal
more ,normal
ls ,normal
quota ,normal
quota -v ,normal
vi ,normal
rlogin ,normal
finger ,normal
exit ,normal
rlogin ,normal
exit ,normal
elm ,normal
ls ,normal
finger ,normal
finger ,normal
mail ,normal
rm ,normal
ls ,normal
date ,normal
ll ,normal
exit ,normal
elm ,normal
exit ,normal
ssinfo ,normal
thor ,normal
thorplus ,normal
alias ,normal
exit ,normal
exit ,normal
elm ,normal
vi ,normal
alias ,normal
enscript -2rG -dmsl20 ,normal
finger ,normal
finger ,normal
alias ,normal
fg ,normal
finger ,normal
exit ,normal
elm ,normal
finger ,normal
fg ,normal
ls ,normal
cd ,normal
ls ,normal
cd ,normal
ls ,normal
cd ,normal
ls ,normal
diff ,normal
cd ,normal
cd ,normal
ls ,normal
cd ,normal
cd ,normal
ls ,normal
cd ,normal
cd ,normal
ls ,normal
cd ,normal
ls ,normal
cd ,normal
cd ,normal
ls ,normal
cd ,normal
cd ,normal
ls ,normal
ls ,normal
cd ,normal
cd ,normal
cd ,normal
ls ,normal
elm ,normal
fg ,normal
finger ,normal
fg ,normal
cd ,normal
ls ,normal
cd ,normal
ls ,normal
ll ,normal
ll ,normal
cd ,normal
ll ,normal
fg ,normal
more ,normal
more ,normal
rm ,normal
vi ,normal
rm ,normal
vi ,normal
more ,normal
ls ,normal
ls ,normal
more ,normal
rm ,normal
more ,normal
ftp ,normal
elm ,normal
fg ,normal
ll ,normal
chgrp ,normal
chgrp ,normal
ls ,normal
ls ,normal
finger ,normal
chgrp ,normal
chgrp ,normal
vi ,normal
more ,normal
more ,normal
rm ,normal
more ,normal
vi ,normal
more ,normal
rm ,normal
quota -v ,normal
cd ,normal
ll ,normal
cd ,normal
ll ,normal
ls ,normal
elm ,normal
fg ,normal
exit ,normal
elm ,normal
exit ,normal
elm ,normal
exit ,normal
elm ,normal
finger ,normal
finger ,normal
finger ,normal
finger ,normal
fg ,normal
finger ,normal
finger ,normal
finger ,normal
finger ,normal
finger ,normal
finger ,normal
finger ,normal
ls ,normal
finger ,normal
ls ,normal
finger ,normal
fg ,normal
finger ,normal
finger ,normal
finger ,normal
fg ,normal
cd ,normal
ls ,normal
ll ,normal
cd ,normal
ls ,normal
cd ,normal
cd ,normal
cd ,normal
ls ,normal
ll ,normal
cd ,normal
ls ,normal
ll ,normal
more ,normal
cd ,normal
ls ,normal
cd ,normal
ls ,normal
cd ,normal
cd ,normal
ls ,normal
cd ,normal
ls ,normal
cd ,normal
ls ,normal
cp ,normal
vi ,normal
fg ,normal
ls ,normal
fg ,normal
exit ,normal
ls ,normal
exit ,normal
exit ,normal
vi ,normal
finger ,normal
exit ,normal
elm ,normal
ruptime ,normal
finger ,normal
rlogin ,normal
fg ,normal
elm ,normal
elm ,normal
exit ,normal
ls ,normal
cd ,normal
ls ,normal
lp -dme244hp1 ,normal
lp -dme244hp2 ,normal
rm ,normal
rm ,normal
exit ,normal
mail ,normal
cd ,normal
ls ,normal
ftp ,normal
ls ,normal
rm ,normal
rm ,normal
exit ,normal
lpq -Pme244hp ,normal
lpq -Pme244hp ,normal
man ,normal
ls ,normal
finger ,normal
finger ,normal
mail ,normal
finger ,normal
finger ,normal
finger ,normal
date ,normal
date ,normal
date ,normal
ls ,normal
cd ,normal
ls ,normal
exit ,normal
elm ,normal
ls ,normal
rlogin ,normal
ls ,normal
cd ,normal
ls ,normal
ll ,normal
lp -dlaebb280hp1 ,normal
lp -d ,normal
lp -d ,normal
ls ,normal
rm ,normal
rm ,normal
exit ,normal
finger ,normal
exit ,normal
exit ,normal
exit ,normal
elm ,normal
exit ,normal
finger ,normal
vi ,normal
cls ,normal
r ,normal
elm ,normal
exit ,normal
finger ,normal
elm ,normal
exit ,normal
elm ,normal
exit ,normal
elm ,normal
rlogin ,normal
fg ,normal
vi ,normal
elm ,normal
fg ,normal
ls ,normal
quota -v ,normal
cp ,normal
quota -v ,normal
ls ,normal
rm ,normal
exit ,normal
ls ,normal
cd ,normal
ls ,normal
ftp ,normal
exit ,normal
ls ,normal
vi ,normal
vi ,normal
finger ,normal
finger ,normal
finger ,normal
finger ,normal
finger ,normal
exit ,normal
elm ,normal
finger ,normal
elm ,normal
exit ,normal
finger ,normal
finger ,normal
finger ,normal
finger ,normal
exit ,normal
whereis ,normal
xhost ,normal
whence ,normal
exit ,normal
source ,normal
source ,normal
acroread ,normal
acroread ,normal
& ,normal
finger ,normal
finger ,normal
lpq -Pmsl22 ,normal
lpq -Pmsl20 ,normal
lpq -Pmsl21 ,normal
lpq -Pmsl21 ,normal
lpq -Pmsl20 ,normal
finger ,normal
finger ,normal
exit ,normal
source ,normal
source ,normal
ls ,normal
mail ,normal
exit ,normal
elm ,normal
exit ,normal
elm ,normal
exit ,normal
ls ,normal
cd ,normal
ls ,normal
vi ,normal
ls ,normal
exit ,normal
vi ,normal
cd ,normal
vi ,normal
exit ,normal
elm ,normal
exit ,normal
ls -a ,normal
cd ,normal
ls ,normal
ll ,normal
cd ,normal
ls -l ,normal
ls -a ,normal
quota -v ,normal
exit ,normal
elm ,normal
exit ,normal
elm ,normal
exit ,normal
elm ,normal
exit ,normal
elm ,normal
exitexit ,normal
exit ,normal
source ,normal
source ,normal
uptime ,normal
finger ,normal
ps -ef | more ,normal
ps -aux | more ,normal
rlogin ,normal
me ,normal
uptime ,normal
exit ,normal
uptime ,normal
finger ,normal
finger ,normal
rlogin ,normal
ls ,normal
exit ,normal
elm ,normal
exit ,normal
source ,normal
source ,normal
rlogin ,normal
exit ,normal
source ,normal
source ,normal
ls ,normal
rm ,normal
xhost ,normal
whereis ,normal
xhost ,normal
rlogin ,normal
exit ,normal
rlogin ,normal
finger ,normal
elm ,normal
lpq -Pmsl2 ,normal
ftp ,normal
ls ,normal
wc ,normal
lp -d ,normal
cancel ,normal
fg ,normal
alias ,normal
ls ,normal
unalias ,normal
alias ,normal
alias | more ,normal
enscript -h ,normal
enscript -rG -dmsl21 ,normal
enscript -G -dmsl21 ,normal
elm ,normal
ls ,normal
wc ,normal
enscript -G -dmsl21 ,normal
enscript -2rG -dmsl21 ,normal
fg ,normal
elm ,normal
ls ,normal
cancel ,normal
lpq -Pmsl22 ,normal
cancel ,normal
lpq -Pmsl22 ,normal
cancel ,normal
fg ,normal
rlogin ,normal
exit ,normal
ruptime ,normal
ps -aux | more ,normal
kill -9 ,normal
source ,normal
ssource ,normal
source ,normal
netscape ,normal
elm ,normal
ls ,normal
cp ,normal
ftp ,normal
finger ,normal
date ,normal
elm ,normal
finger ,normal
fg ,normal
finger ,normal
finger ,normal
fg ,normal
exit ,normal
elm ,normal
fin ,normal
finger ,normal
ls ,normal
diff ,normal
rm ,normal
exit ,normal
elm ,normal
exit ,normal
elm ,normal
cd ,normal
cd ,normal
vi ,normal
ls ,normal
cd ,normal
cd ,normal
ls ,normal
ll ,normal
elm ,normal
cd ,normal
cd ,normal
ls ,normal
cd ,normal
chmod ,normal
cd ,normal
cd ,normal
cd ,normal
chmod ,normal
vi ,normal
ls ,normal
chmod ,normal
cd ,normal
chmod ,normal
ls ,normal
cp ,normal
quota -v ,normal
ls ,normal
finger ,normal
exit ,normal
source ,normal
source ,normal
uptime ,normal
finger ,normal
finger ,normal
ruptime | more ,normal
ls ,normal
elm ,normal
ls ,normal
cd ,normal
ls ,normal
ll ,normal
cd ,normal
rlogin ,normal
rlogin ,normal
exit ,normal
elm ,normal
elm ,normal
ls ,normal
ls -a ,normal
vi ,normal
mkdir ,normal
exit ,normal
fg ,normal
ls ,normal
exit ,normal
source ,normal
source ,normal
source ,normal
xhost ,normal
rlogin ,normal
exit ,normal
source ,normal
source ,normal
netscape ,normal
exit ,normal
source ,normal
source ,normal
cd ,normal
cd ,normal
ls ,normal
cd ,normal
ls ,normal
cd ,normal
ls ,normal
ll ,normal
xlock ,normal
uptime ,normal
who ,normal
xlock ,normal
finger ,normal
cls ,normal
cd ,normal
whereis ,normal
rlogin ,normal
ls ,normal
whence ,normal
alias ,normal
unalias ,normal
rm ,normal
rlogin ,normal
xhost ,normal
rlogin ,normal
xlock ,normal
man ,normal
cd ,normal
ls ,normal
vi ,normal
exit ,normal
ls ,normal
ls ,normal
cat ,normal
cat ,normal
rm -f ,normal
rm -f ,normal
rm -rf ,normal
mv ,normal
cd ,normal
tar ,normal
cd ,normal
uuencode ,normal
> ,normal
mailx -s ,normal
< ,normal
elm ,normal
ftp ,normal
enscript_msl21 ,normal
ls ,normal
rm ,normal
fg ,normal
man ,normal
fg ,normal
cd ,normal
ls ,normal
vi ,normal
fg ,normal
elm ,normal
elm ,normal
exit ,normal
lpq -Pmsl21 ,normal
cancel ,normal
cancel ,normal
ftp ,normal
cat ,normal
cat | more ,normal
enscript -dmsl23 ,normal
exit ,normal
who ,normal
setenv ,normal
netscape ,normal
& ,normal
rlogin ,normal
elm ,normal
exit ,normal
elm ,normal
lpq -Pmsl21 ,normal
lpq -Pmsl20 ,normal
lwinfo ,normal
lwpages ,normal
fg ,normal
date ,normal
exit ,normal
elm ,normal
ssinfo ,normal
fg ,normal
ls ,normal
cd ,normal
ls ,normal
vi ,normal
fg ,normal
vi ,normal
fg ,normal
finger ,normal
finger ,normal
finger ,normal
vi ,normal
ls ,normal
ls ,normal
fg ,normal
vi ,normal
cd ,normal
fg ,normal
cd ,normal
ll ,normal
cd ,normal
ll ,normal
exit ,normal
fg ,normal
cd ,normal
fg ,normal
exit ,normal
elm ,normal
finger ,normal
finger ,normal
ls ,normal
cd ,normal
ls ,normal
vi ,normal
lpq -Pmsl22 ,normal
lpq -Pmsl23 ,normal
lpq -Pmsl22 ,normal
exit ,normal
fg ,normal
exit ,normal
elm ,normal
finger ,normal
rlogin ,normal
fg ,normal
ls ,normal
gunzip ,normal
ls ,normal
quot ,normal
quota -v ,normal
elm -f ,normal
fg ,normal
elm ,normal
cat ,normal
fg ,normal
elm ,normal
finger ,normal
fg ,normal
ver ,normal
version ,normal
rlogin ,normal
fg ,normal
ls ,normal
cd ,normal
ls ,normal
vi ,normal
fg ,normal
ls ,normal
j ,normal
vi ,normal
exit ,normal
elm ,normal
exit ,normal
elm ,normal
set ,normal
elm ,normal
ls ,normal
cd ,normal
ls ,normal
vi ,normal
exit ,normal
elm ,normal
exit ,normal
mail ,normal
exit ,normal
cd ,normal
ls ,normal
vi ,normal
elm -f ,normal
cd ,normal
ls ,normal
cd ,normal
ls ,normal
exit ,normal
elm ,normal
exit ,normal
elm ,normal
exit ,normal
set ,normal
elm ,normal
set ,normal
elm ,normal
elm ,normal
exit ,normal
elm ,normal
exit ,normal
elm ,normal
exit ,normal
elm ,normal
ls ,normal
rm ,normal
rm ,normal
rm ,normal
more ,normal
ls ,normal
rlogin ,normal
rlogin ,normal
exit ,normal
elm ,normal
finger ,normal
finger ,normal
finger ,normal
man ,normal
elm ,normal
elm ,normal
exit ,normal
elm ,normal
exit ,normal
elm ,normal
exit ,normal
elm ,normal
man ,normal
man ,normal
fg ,normal
exit ,normal
finger ,normal
uptime ,normal
rlogin ,normal
elm ,normal
exit ,normal
rlogin ,normal
rlogin ,normal
rlogin -l ,normal
vi ,normal
vi ,normal
exit ,normal
rlogin ,normal
xlock ,normal
finger ,normal
finger ,normal
finger ,normal
finger ,normal
finger ,normal
finger ,normal
finger ,normal
xhost ,normal
cls ,normal
exit ,normal
` ,normal
rlogin ,normal
ruptime ,normal
who ,normal
ps -aux ,normal
ps -ef | more ,normal
finger ,normal
finger ,normal
ps -ef | more ,normal
mail ,normal
mailx ,normal
finger ,normal
ruptime ,normal
finger ,normal
uptime ,normal
finger ,normal
rlogin ,normal
exit ,normal
elm ,normal
exit ,normal
xlock ,normal
exit ,normal
finger ,normal
finger ,normal
finger ,normal
finger ,normal
q ,normal
quit ,normal
exit 